股票代碼,股票名稱,現價,10日前,10日%,20日前,20日%,10日均,10日均-5%,狀態,低於10日,距10日均%,RSI,今日高,今日低,成交量,均量,量比,52週高,52週低,本益比,市值,前1日,前1日%,前2日,前2日%,前3日,前3日%,前4日,前4日%,前5日,前5日%,前6日,前6日%,前7日,前7日%,更新時間
TSM,台積電 ADR,456.19,417.72,9.21,412.89,10.49,447.64,425.26,觀察中,OBS,1.91,68.0,461.87,454.9,8157975,9562416,0.85,476.29,272.18,33.89,2.38T,456.94,0.9,452.88,0.5,450.61,-0.12,451.15,1.03,446.57,-1.2,452.0,1.54,445.14,2.41,2026-10-02T01:03:01
GOOGL,Alphabet,344.08,342.87,0.35,334.8,2.77,345.49,328.22,觀察中,OBS,-0.41,58.9,352.6,340.99,33110940,24918995,1.33,402.12,235.96,16.98,4.14T,340.92,-0.53,342.75,-0.34,343.92,0.46,342.36,1.34,337.83,-3.8,351.16,-1.07,354.97,1.55,2026-10-02T01:03:01
AAPL,Apple,333.02,332.41,0.18,325.13,2.43,336.67,319.84,觀察中,OBS,-1.08,57.6,339.5,330.14,35017775,41134656,0.85,341.07,244.37,37.84,4.82T,329.4,-2.66,338.4,-0.78,341.07,1.53,335.92,-0.33,337.02,-0.8,339.75,0.23,338.98,0.85,2026-10-02T01:03:01
NVDA,NVIDIA,228.38,213.9,6.77,217.2,5.15,225.75,214.46,觀察中,OBS,1.17,63.7,232.37,228.17,97538145,119435552,0.82,235.2,164.79,29.22,5.57T,227.21,-0.72,228.86,1.68,225.07,0.22,224.58,-0.41,225.51,-1.47,228.87,0.66,227.38,2.3,2026-10-02T01:03:01
TSLA,Tesla,354.81,358.08,-0.91,356.09,-0.36,367.99,349.59,觀察中,OBS,-3.58,43.5,355.22,345.88,30302824,37810623,0.8,489.88,298.32,334.07,1.40T,352.84,-1.29,357.45,-3.94,372.11,-1.54,377.94,-0.57,380.12,0.32,378.9,0.96,375.3,3.03,2026-10-02T01:03:01
PLTR,Palantir,187.05,174.34,7.29,179.92,3.96,185.75,176.46,觀察中,OBS,0.7,81.2,190.99,187.0,17755532,26912995,0.66,207.18,107.27,161.05,456.7B,186.97,-0.27,187.48,-1.15,189.67,-1.52,192.59,0.42,191.79,3.68,184.99,1.04,183.09,3.07,2026-10-02T01:03:01
META,Meta Platforms,725.18,672.78,7.79,578.08,25.45,727.78,691.39,觀察中,OBS,-0.36,64.8,738.25,721.3,12256112,20572743,0.6,777.59,524.82,27.35,1.85T,738.79,3.24,715.62,-4.79,751.66,-3.33,777.59,4.5,744.1,1.02,736.6,-0.63,741.25,11.43,2026-10-02T01:03:01
MSFT,Microsoft,512.9,490.3,4.61,501.02,2.37,503.69,478.51,觀察中,OBS,1.83,62.0,519.83,510.31,18901325,21858346,0.86,537.65,352.17,28.57,3.81T,508.96,-0.05,509.22,-1.35,516.17,3.66,497.93,-0.53,500.59,0.52,498.0,-0.72,501.61,1.59,2026-10-02T01:03:01
INTC,Intel,120.23,101.05,18.98,88.97,35.14,118.82,112.88,觀察中,OBS,1.19,67.4,120.55,116.0,102280238,102231926,1.0,140.94,33.62,,634.3B,115.93,-0.09,116.03,-5.67,123.0,-3.45,127.39,3.91,122.6,-1.02,123.86,1.71,121.78,12.14,2026-10-02T01:03:01
MU,Micron Technology,1065.11,926.55,14.95,933.44,14.11,1055.23,1002.47,觀察中,OBS,0.94,64.5,1083.5,1062.36,44760261,26397836,1.7,1213.37,181.42,14.76,1.24T,1065.08,1.05,1053.98,-2.61,1082.28,0.16,1080.53,0.81,1071.88,-2.22,1096.16,5.0,1043.96,2.77,2026-10-02T01:03:01
ASX,ASX,44.46,37.95,17.15,37.43,18.78,43.59,41.41,觀察中,OBS,2.0,64.1,45.03,44.26,6315467,6588984,0.96,45.31,10.97,54.55,116.5B,45.31,3.47,43.79,-1.17,44.31,1.86,43.5,-0.98,43.93,-2.81,45.2,3.36,43.73,5.04,2026-10-02T01:03:01
AMZN,Amazon,249.15,245.96,1.3,254.92,-2.26,250.86,238.32,觀察中,OBS,-0.68,46.9,252.44,246.08,32645635,34150609,0.96,284.02,198.79,19.97,2.68T,246.67,0.21,246.15,-1.41,249.67,0.12,249.38,0.04,249.27,-2.24,254.98,-1.34,258.45,1.87,2026-10-02T01:03:01
LLY,Eli Lilly,1157.08,1137.82,1.69,1160.0,-0.25,1168.32,1109.9,觀察中,OBS,-0.96,61.6,1215.0,1155.27,2170988,2394188,0.91,1280.34,794.56,38.91,1.03T,1184.63,-0.01,1184.78,0.11,1183.46,0.13,1181.89,2.68,1150.99,-1.64,1170.14,0.45,1164.89,1.04,2026-10-02T01:03:01
ASML,ASML Holding,1811.67,1602.22,13.07,1665.14,8.8,1739.73,1652.74,觀察中,OBS,4.14,63.3,1830.0,1808.96,1403447,1252452,1.12,1986.87,930.06,62.77,694.6B,1834.39,3.56,1771.41,1.58,1743.94,1.24,1722.5,-1.27,1744.61,-0.19,1747.9,2.14,1711.32,1.87,2026-10-02T01:03:01
LRCX,Lam Research,328.51,268.94,22.15,289.89,13.32,306.59,291.26,觀察中,OBS,7.15,65.9,330.5,322.06,8547754,8626112,0.99,432.87,130.77,58.14,425.6B,323.86,2.99,314.47,-0.23,315.21,2.62,307.16,-0.04,307.28,-1.08,310.63,2.87,301.96,4.92,2026-10-02T01:03:01
AVGO,Broadcom,351.19,338.89,3.63,369.01,-4.83,354.48,336.76,觀察中,OBS,-0.93,44.3,357.9,350.69,22261651,24785475,0.9,479.94,292.41,43.89,1.64T,355.1,1.58,349.57,-0.92,352.81,0.7,350.36,-1.3,354.99,-2.62,364.54,0.52,362.66,1.6,2026-10-02T01:03:01
GEV,GE Vernova,950.49,925.09,2.75,898.53,5.78,948.9,901.45,觀察中,OBS,0.17,55.7,971.99,947.42,2942184,2146628,1.37,1174.86,546.95,27.25,263.0B,962.49,1.34,949.77,-0.82,957.63,0.27,955.04,0.34,951.82,0.16,950.28,0.43,946.22,0.63,2026-10-02T01:03:01
ETN,Eaton Corp,429.71,397.8,8.02,390.71,9.98,432.53,410.9,觀察中,OBS,-0.65,58.7,434.75,428.0,1605739,1934123,0.83,459.96,313.2,44.44,169.8B,433.27,0.43,431.41,-1.95,439.98,-0.0,440.0,0.28,438.76,-0.84,442.49,1.62,435.43,2.51,2026-10-02T01:03:01
NEE,NextEra Energy,75.74,80.37,-5.76,82.93,-8.67,77.65,73.77,觀察中,OBS,-2.46,17.3,76.5,75.57,17057919,11547571,1.48,96.44,75.49,17.0,159.3B,75.89,0.53,75.49,-0.78,76.08,0.61,75.62,-1.82,77.02,-2.83,79.26,-0.46,79.63,-1.04,2026-10-02T01:03:01
QQQ,Nasdaq 100 ETF,739.77,703.99,5.08,706.9,4.65,736.68,699.85,觀察中,OBS,0.42,69.6,745.1,739.46,35370061,32601476,1.08,747.46,557.09,30.24,,737.93,0.19,736.53,-1.07,744.5,0.46,741.1,-0.01,741.21,-0.84,747.46,0.81,741.47,2.88,2026-10-02T01:03:01
QLD,2x Nasdaq ETF,95.65,86.94,10.02,87.9,8.82,94.99,90.24,觀察中,OBS,0.69,68.8,97.04,95.61,5182131,3606835,1.44,100.44,57.11,31.15,,95.22,0.37,94.87,-2.15,96.95,0.88,96.1,-0.06,96.16,-1.67,97.79,1.61,96.24,5.79,2026-10-02T01:03:01
VOO,S&P 500 ETF,700.86,691.46,1.36,698.48,0.34,704.8,669.56,觀察中,OBS,-0.56,55.7,707.2,700.56,8168172,8407719,0.97,713.12,577.76,24.71,,702.46,-0.16,703.61,-0.76,708.97,0.54,705.18,-0.09,705.79,-0.73,710.95,0.0,710.95,1.57,2026-10-02T01:03:01
SSO,2x S&P 500 ETF,69.33,67.66,2.47,69.2,0.19,70.18,66.67,觀察中,OBS,-1.21,54.6,70.59,69.27,3916600,3029002,1.29,72.4,48.88,24.55,,69.66,-0.33,69.89,-1.54,70.98,1.02,70.26,-0.17,70.38,-1.46,71.42,-0.01,71.43,3.1,2026-10-02T01:03:01
LEU,Centrus Energy,139.49,139.01,0.35,168.31,-17.12,147.15,139.79,觀察中,Alert,-5.21,32.6,146.0,137.27,542542,684804,0.79,436.0,138.18,73.22,2.8B,138.18,-1.56,140.37,-4.56,147.07,-0.17,147.32,-2.64,151.31,-4.13,157.83,1.92,154.85,6.62,2026-10-02T01:03:01
ORCL,Oracle,137.3,143.16,-4.09,141.32,-2.84,142.48,135.36,觀察中,OBS,-3.64,34.3,138.5,134.75,23001832,29119329,0.79,310.01,114.99,21.64,418.6B,137.79,3.91,132.6,-3.28,137.1,-1.75,139.54,-3.47,144.56,-3.11,149.2,0.43,148.56,0.64,2026-10-02T01:03:01
USAR,USAR,14.08,15.1,-6.75,17.26,-18.42,15.37,14.6,觀察中,Alert,-8.39,35.1,14.75,14.06,13218851,13077030,1.01,38.68,11.9,,5.2B,14.07,-2.36,14.41,-5.07,15.18,-1.3,15.38,-2.84,15.83,-6.83,16.99,1.25,16.78,9.17,2026-10-02T01:03:01
UUUU,Energy Fuels,11.03,11.73,-5.97,14.22,-22.43,11.54,10.96,觀察中,OBS,-4.42,20.7,11.47,10.9,6295481,6833425,0.92,27.72,10.74,,2.8B,10.99,-0.36,11.03,-2.82,11.35,0.27,11.32,-2.41,11.6,-4.45,12.14,-1.3,12.3,5.13,2026-10-02T01:03:01
GLD,SPDR Gold ETF,380.84,391.74,-2.78,396.75,-4.01,391.76,372.17,觀察中,OBS,-2.79,36.8,384.59,380.18,5811518,10567066,0.55,495.9,354.79,,,382.89,1.32,377.91,-3.94,393.41,0.44,391.69,-0.3,392.88,-1.8,400.07,0.42,398.38,-0.7,2026-10-02T01:03:01
B,Barnes Group,40.67,42.55,-4.42,43.1,-5.64,42.43,40.31,觀察中,OBS,-4.15,35.8,41.54,40.65,9404249,9588267,0.98,52.12,30.85,10.5,66.0B,41.24,0.37,41.09,-4.17,42.88,1.32,42.32,-0.4,42.49,-3.17,43.88,2.79,42.69,-1.48,2026-10-02T01:03:01
AEM,Agnico Eagle,183.27,195.57,-6.29,193.46,-5.27,193.91,184.21,觀察中,Alert,-5.49,36.3,187.7,183.23,1805207,2613103,0.69,251.01,136.04,15.47,91.4B,185.83,0.91,184.15,-5.31,194.48,0.31,193.88,-0.86,195.57,-3.92,203.55,3.07,197.48,-1.01,2026-10-02T01:03:01
COHR,Coherent Corp,287.81,289.93,-0.73,272.03,5.8,299.48,284.51,觀察中,OBS,-3.9,48.4,299.5,282.25,11318428,6704237,1.69,426.89,109.37,70.0,62.5B,292.21,3.46,282.45,-4.52,295.83,1.8,290.61,-3.32,300.6,-3.15,310.39,-3.46,321.52,1.31,2026-10-02T01:03:01
LITE,Lumentum,971.26,919.4,5.64,868.95,11.77,939.84,892.85,觀察中,OBS,3.34,54.6,1009.45,940.27,7469106,4517408,1.65,1053.09,149.61,,93.8B,973.49,5.66,921.32,-2.16,941.65,1.36,929.04,-0.85,937.0,-0.92,945.67,-0.92,954.49,2.53,2026-10-02T01:03:01
APLD,Applied Digital,24.37,24.39,-0.08,24.29,0.33,26.61,25.28,觀察中,Alert,-8.42,45.2,25.73,24.36,17228013,15673551,1.1,49.65,20.55,,7.2B,25.41,3.59,24.53,-6.55,26.25,-2.99,27.06,-0.62,27.23,-4.59,28.54,1.24,28.19,0.25,2026-10-02T01:03:01
CRWD,CrowdStrike,264.75,241.36,9.69,215.07,23.1,254.38,241.66,觀察中,OBS,4.08,78.2,268.95,261.58,6859136,10941292,0.63,264.75,87.56,8869.67,272.5B,262.74,1.35,259.25,2.82,252.13,-2.9,259.67,-1.07,262.49,4.97,250.06,0.28,249.35,4.92,2026-10-02T01:03:01
IONQ,IonQ,43.86,36.84,19.06,37.78,16.09,42.61,40.48,觀察中,OBS,2.93,74.8,47.33,43.81,17104273,21605956,0.79,82.09,26.59,,17.8B,43.91,-1.5,44.58,-1.98,45.48,1.11,44.98,5.74,42.54,4.42,40.74,0.57,40.51,3.53,2026-10-02T01:03:01
AMD,AMD,611.76,512.5,19.37,459.61,33.1,604.59,574.36,觀察中,OBS,1.19,74.8,615.17,600.1,16633581,20223019,0.82,630.63,164.67,157.07,1.01T,607.57,-0.05,607.87,-3.61,630.63,0.22,629.26,2.38,614.61,-1.47,623.77,1.34,615.52,9.95,2026-10-02T01:03:01
OKLO,Oklo,37.02,35.62,3.93,38.53,-3.92,38.47,36.55,觀察中,OBS,-3.77,41.0,38.55,36.77,8447795,9542268,0.89,174.14,35.62,,6.7B,37.11,0.0,37.11,-2.44,38.04,-0.65,38.29,-1.37,38.82,-4.03,40.45,0.67,40.18,5.74,2026-10-02T01:03:01
SNOW,Snowflake,339.56,331.02,2.58,319.8,6.18,334.95,318.2,觀察中,OBS,1.38,57.2,348.28,330.55,3604951,4817572,0.75,356.47,121.11,,120.7B,330.31,0.67,328.12,-2.33,335.94,0.58,334.0,-0.24,334.81,-0.53,336.59,-0.83,339.39,2.09,2026-10-02T01:03:01
VRT,Vertiv,241.31,239.41,0.79,255.91,-5.71,247.62,235.24,觀察中,OBS,-2.55,46.1,250.82,241.27,3466413,4828480,0.72,376.06,149.73,55.56,94.8B,248.34,1.76,244.04,-3.65,253.28,3.25,245.3,-1.4,248.78,-1.85,253.46,1.04,250.86,0.59,2026-10-02T01:03:01
NBIS,Nebius Group,235.88,209.37,12.66,199.54,18.21,232.3,220.69,觀察中,OBS,1.54,54.1,250.48,235.06,12244013,17709846,0.69,286.69,73.87,,63.1B,237.35,2.36,231.88,-2.3,237.33,-2.53,243.48,7.44,226.61,-4.03,236.12,1.43,232.8,4.14,2026-10-02T01:03:01
UNH,UnitedHealth,367.08,375.26,-2.18,393.87,-6.8,374.54,355.81,觀察中,OBS,-1.99,31.2,374.93,365.72,3933201,4708485,0.84,433.68,255.97,23.59,327.8B,374.94,-0.76,377.83,0.33,376.59,0.42,375.01,1.0,371.29,-0.45,372.95,-1.22,377.56,0.18,2026-10-02T01:03:01
NFLX,Netflix,69.58,76.41,-8.94,80.81,-13.9,71.6,68.02,觀察中,OBS,-2.82,34.7,70.3,69.51,40467844,32044278,1.26,124.14,67.6,21.34,282.5B,70.3,1.55,69.23,-2.7,71.15,-0.79,71.72,0.5,71.36,-1.11,72.16,-1.64,73.36,2.19,2026-10-02T01:03:01
CRWV,CoreWeave,87.12,83.35,4.52,81.85,6.44,85.62,81.34,觀察中,OBS,1.75,46.8,89.72,86.38,20363096,27426639,0.74,143.08,60.82,,48.8B,85.93,1.01,85.07,-2.88,87.59,-2.82,90.13,3.72,86.9,0.16,86.76,1.56,85.43,5.0,2026-10-02T01:03:01
MRVL,Marvell Technology,264.21,229.71,15.02,210.39,25.58,256.59,243.76,觀察中,OBS,2.97,68.9,265.0,256.24,17678170,21236202,0.83,316.35,73.67,89.06,240.9B,263.27,4.51,251.9,-3.83,261.94,1.15,258.95,-0.75,260.9,-0.56,262.36,1.93,257.38,5.38,2026-10-02T01:03:01
2330.TW,台積電,2510.0,2378.0,5.55,2432.84,3.17,2464.5,2341.28,觀察中,OBS,1.85,58.4,2510.0,2485.0,18598594,18337966,1.01,2510.0,1348.46,29.33,65.09T,2480.0,0.2,2475.0,0.0,2475.0,-1.0,2500.0,1.63,2460.0,-0.81,2480.0,0.81,2460.0,1.44,2026-10-02T01:03:01
3711.TW,日月光控股,710.0,592.0,19.93,610.0,16.39,670.5,636.98,觀察中,OBS,5.89,66.7,710.0,693.0,8467513,16140581,0.52,720.42,163.01,54.28,3.70T,703.0,2.33,687.0,-1.72,699.0,0.87,693.0,0.0,693.0,4.52,663.0,3.92,638.0,3.91,2026-10-02T01:03:01
6285.TW,啟碁,235.5,222.0,6.08,249.0,-5.42,231.25,219.69,觀察中,OBS,1.84,52.0,236.5,233.0,1820618,3421072,0.53,313.71,94.41,26.05,113.9B,236.0,1.51,232.5,-2.31,238.0,3.48,230.0,-1.5,233.5,-0.21,234.0,2.86,227.5,0.44,2026-10-02T01:03:01
0050.TW,元大台灣50,112.05,106.9,4.82,106.25,5.46,110.25,104.74,觀察中,OBS,1.63,60.4,113.05,112.05,58123385,67970597,0.86,112.45,58.02,34.23,,111.3,-0.98,112.4,-0.04,112.45,0.54,111.85,0.45,111.35,1.37,109.85,1.67,108.05,1.08,2026-10-02T01:03:01
00631L.TW,元大台灣50正2,38.99,35.4,10.14,35.82,8.85,37.68,35.8,觀察中,OBS,3.48,59.6,39.51,38.94,136277554,162068845,0.84,41.32,13.94,,,38.28,-1.52,38.87,-0.31,38.99,1.22,38.52,0.18,38.45,2.12,37.65,3.41,36.41,2.39,2026-10-02T01:03:01
00675L.TW,富邦臺灣加權正2,341.85,309.7,10.38,313.1,9.18,329.85,313.36,觀察中,OBS,3.64,60.1,346.25,341.0,1021135,1009467,1.01,364.0,121.95,,,334.0,-1.91,340.5,-0.32,341.6,0.81,338.85,0.37,337.6,2.55,329.2,3.62,317.7,2.2,2026-10-02T01:03:01
00662.TW,富邦NASDAQ,124.2,118.15,5.12,119.7,3.76,121.9,115.81,觀察中,OBS,1.89,67.9,124.5,124.0,2188031,2828793,0.77,125.0,95.2,33.63,,123.25,-0.8,124.25,-0.6,125.0,0.77,124.05,2.01,121.6,0.91,120.5,1.09,119.2,0.68,2026-10-02T01:03:01
00924.TW,復華S&P500成長,33.78,32.54,3.81,32.96,2.49,33.32,31.65,觀察中,OBS,1.38,66.5,33.82,33.71,1116652,1126276,0.99,34.2,26.39,31.91,,33.59,-0.06,33.61,-0.8,33.88,0.18,33.82,1.47,33.33,0.79,33.07,0.76,32.82,0.55,2026-10-02T01:03:01
00935.TW,野村台灣新科技50,60.95,56.15,8.55,55.47,9.88,59.24,56.28,觀察中,OBS,2.89,64.3,61.6,60.9,8724108,10545256,0.83,62.15,24.89,45.11,,60.4,-2.03,61.65,0.33,61.45,0.74,61.0,1.84,59.9,2.31,58.55,3.54,56.55,0.35,2026-10-02T01:03:01
2327.TW,國巨,602.0,537.0,12.1,568.0,5.99,559.4,531.43,觀察中,OBS,7.62,59.8,602.0,560.0,69775548,39099282,1.78,1140.0,169.29,40.65,1.24T,548.0,0.0,548.0,-5.52,580.0,1.22,573.0,0.35,571.0,2.51,557.0,1.27,550.0,3.97,2026-10-02T01:03:01
2377.TW,微星,152.5,148.0,3.04,154.0,-0.97,152.5,144.88,觀察中,OBS,0.0,42.6,153.5,151.0,2949538,10586890,0.28,164.15,82.56,13.33,128.8B,151.0,0.0,151.0,-0.33,151.5,0.33,151.0,-1.63,153.5,0.33,153.0,-1.29,155.0,1.31,2026-10-02T01:03:01
2308.TW,台達電,1905.0,1670.0,14.07,1865.0,2.14,1834.5,1742.77,觀察中,OBS,3.84,58.3,1935.0,1860.0,5670120,10175522,0.56,2506.89,885.37,60.73,4.95T,1890.0,3.0,1835.0,-3.93,1910.0,0.53,1900.0,0.0,1900.0,1.33,1875.0,8.07,1735.0,2.97,2026-10-02T01:03:01
2357.TW,華碩,965.0,928.0,3.99,1010.0,-4.46,954.6,906.87,觀察中,OBS,1.09,45.9,971.0,960.0,1515325,3346826,0.45,1025.0,466.24,14.2,716.8B,961.0,-0.21,963.0,1.05,953.0,-0.52,958.0,0.52,953.0,0.74,946.0,-1.46,960.0,1.27,2026-10-02T01:03:01
3413.TW,京鼎,293.0,274.0,6.93,284.0,3.17,285.75,271.46,觀察中,OBS,2.54,66.2,296.0,290.0,517428,777003,0.67,382.0,267.24,15.03,32.5B,291.0,0.0,291.0,1.04,288.0,0.88,285.5,0.88,283.0,-0.18,283.5,-0.53,285.0,1.42,2026-10-02T01:03:01
8996.TW,高力,1565.0,1220.0,28.28,1175.0,33.19,1501.5,1426.42,觀察中,OBS,4.23,62.8,1600.0,1470.0,5306230,3926531,1.35,1655.0,392.87,105.25,145.5B,1605.0,1.26,1585.0,3.59,1530.0,-0.65,1540.0,-6.95,1655.0,9.97,1505.0,5.24,1430.0,10.0,2026-10-02T01:03:01
7769.TW,鴻勁,5490.0,6135.0,-10.51,5870.0,-6.47,5918.0,5622.1,觸發加碼,Alert,-7.23,24.1,5650.0,5435.0,395796,764462,0.52,8156.27,1846.52,54.64,987.8B,5505.0,-1.43,5585.0,-1.5,5670.0,-5.1,5975.0,-2.92,6155.0,2.58,6000.0,-8.26,6540.0,6.6,2026-10-02T01:03:01
2301.TW,光寶科,284.5,274.0,3.83,300.5,-5.32,282.55,268.42,觀察中,OBS,0.69,42.7,285.0,278.0,9156988,25420608,0.36,317.5,139.22,33.55,645.6B,279.5,-0.53,281.0,-2.09,287.0,1.23,283.5,-0.35,284.5,-1.39,288.5,2.3,282.0,1.44,2026-10-02T01:03:01
4958.TW,臻鼎,510.0,477.5,6.81,535.0,-4.67,486.55,462.22,觀察中,OBS,4.82,52.9,522.0,498.5,31068699,30441639,1.02,646.0,135.08,57.11,565.3B,507.0,1.71,498.5,4.84,475.5,0.53,473.0,-3.27,489.0,4.04,470.0,-0.63,473.0,-0.63,2026-10-02T01:03:01
2383.TW,台光電,4975.0,5115.0,-2.74,5640.0,-11.79,4932.5,4685.88,觀察中,OBS,0.86,34.5,4975.0,4855.0,1219718,1904914,0.64,6321.14,1099.98,78.12,1.78T,4935.0,0.3,4920.0,-2.57,5050.0,0.6,5020.0,3.29,4860.0,-0.72,4895.0,0.1,4890.0,4.15,2026-10-02T01:03:01
2404.TW,漢唐,1305.0,1035.0,26.09,1100.0,18.64,1181.0,1121.95,觀察中,OBS,10.5,74.0,1315.0,1270.0,1705725,1533627,1.11,1341.89,722.78,19.76,246.5B,1290.0,5.74,1220.0,-5.06,1285.0,2.8,1250.0,9.65,1140.0,0.88,1130.0,0.44,1125.0,9.22,2026-10-02T01:03:01
2408.TW,南亞科,519.0,465.5,11.49,518.0,0.19,508.05,482.65,觀察中,OBS,2.16,49.0,522.0,510.0,26273877,64032425,0.41,543.0,79.44,18.12,1.61T,519.0,2.57,506.0,0.6,503.0,-2.33,515.0,3.62,497.0,-3.68,516.0,-1.71,525.0,7.58,2026-10-02T01:03:01
3037.TW,欣興,1215.0,951.0,27.76,971.0,25.13,1092.2,1037.59,觀察中,OBS,11.24,78.5,1230.0,1170.0,14850296,20557406,0.72,1215.0,145.7,79.99,1.99T,1175.0,0.86,1165.0,-1.69,1185.0,2.16,1160.0,3.57,1120.0,9.8,1020.0,3.98,981.0,4.36,2026-10-02T01:03:01
2313.TW,華通,224.5,218.5,2.75,252.0,-10.91,223.95,212.75,觀察中,OBS,0.25,46.4,228.0,223.0,6677567,26498091,0.25,295.55,71.98,36.5,277.0B,226.5,0.22,226.0,1.57,222.5,-0.67,224.0,0.9,222.0,0.0,222.0,-2.84,228.5,4.58,2026-10-02T01:03:01
2912.TW,統一超,212.5,215.5,-1.39,216.0,-1.62,214.05,203.35,觀察中,OBS,-0.72,30.8,212.5,210.5,2110618,1740512,1.21,238.74,198.79,19.2,220.9B,212.5,0.24,212.0,-0.24,212.5,-0.23,213.0,-0.47,214.0,-0.47,215.0,-0.69,216.5,-0.46,2026-10-02T01:03:01
006208.TW,富邦台灣采吉50,256.3,244.65,4.76,242.9,5.52,252.24,239.63,觀察中,OBS,1.61,63.3,258.75,256.3,1878677,1792572,1.05,257.0,132.31,33.71,,255.2,-0.64,256.85,-0.06,257.0,0.51,255.7,0.39,254.7,1.39,251.2,1.54,247.4,1.14,2026-10-02T01:03:01
3481.TW,群創,52.3,46.8,11.75,49.3,6.09,50.23,47.72,觀察中,OBS,4.12,56.7,55.5,51.8,462645283,208693316,2.22,70.9,11.83,67.05,417.4B,54.7,9.95,49.75,0.4,49.55,-0.1,49.6,-1.78,50.5,0.2,50.4,4.46,48.25,-0.52,2026-10-02T01:03:01
3211.TWO,順達,394.0,361.0,9.14,406.0,-2.96,380.8,361.76,觀察中,OBS,3.47,63.5,398.0,390.0,2356624,5116762,0.46,457.5,248.81,53.17,61.3B,398.5,3.24,386.0,1.98,378.5,-0.39,380.0,-1.3,385.0,-0.65,387.5,5.3,368.0,2.08,2026-10-02T01:03:01
8299.TWO,群聯,2110.0,1920.0,9.9,2125.0,-0.71,2114.5,2008.77,觀察中,OBS,-0.21,51.9,2165.0,2105.0,1800901,4320170,0.42,2859.12,771.05,9.67,466.7B,2150.0,1.65,2115.0,-0.47,2125.0,-4.06,2215.0,1.37,2185.0,1.63,2150.0,0.47,2140.0,8.63,2026-10-02T01:03:01
3680.TWO,家登,551.0,488.5,12.79,542.0,1.66,538.1,511.19,觀察中,OBS,2.4,46.0,562.0,549.0,717831,1601589,0.45,610.77,312.33,37.18,52.9B,555.0,1.28,548.0,1.11,542.0,2.65,528.0,-1.86,538.0,-1.82,548.0,2.81,533.0,1.14,2026-10-02T01:03:01
5274.TWO,信驊,19040.0,17520.0,8.68,17120.0,11.21,19384.0,18414.8,觀察中,OBS,-1.77,53.0,19330.0,18740.0,114371,266952,0.43,20905.0,4646.75,138.89,791.7B,18750.0,-3.33,19395.0,-2.22,19835.0,-2.19,20280.0,-2.99,20905.0,5.47,19820.0,2.75,19290.0,5.55,2026-10-02T01:03:01
4979.TWO,華星光,557.0,509.0,9.43,600.0,-7.17,578.3,549.38,觀察中,OBS,-3.68,41.6,572.0,545.0,981248,8292507,0.12,714.31,178.08,92.37,79.3B,569.0,0.35,567.0,0.71,563.0,-4.58,590.0,-2.48,605.0,-2.1,618.0,1.15,611.0,9.89,2026-10-02T01:03:01
1785.TWO,光陽科,101.0,93.8,7.68,103.0,-1.94,97.27,92.41,觀察中,OBS,3.83,48.7,103.0,99.3,5862992,4426315,1.32,181.94,54.78,15.1,60.2B,100.5,2.55,98.0,2.3,95.8,-0.73,96.5,0.52,96.0,-1.44,97.4,0.62,96.8,0.83,2026-10-02T01:03:01
5347.TWO,世界,184.5,153.0,20.59,153.5,20.2,172.8,164.16,觀察中,OBS,6.77,75.7,188.5,178.5,23269797,15106022,1.54,214.91,85.97,40.02,346.6B,181.0,1.4,178.5,4.69,170.5,-1.45,173.0,0.0,173.0,0.58,172.0,0.0,172.0,3.93,2026-10-02T01:03:01
3293.TWO,鈊象,814.0,696.0,16.95,711.0,14.49,748.4,710.98,觀察中,OBS,8.77,84.9,814.0,785.0,5238866,2878982,1.82,814.0,638.68,19.01,229.4B,788.0,1.16,779.0,2.37,761.0,4.39,729.0,0.28,727.0,0.41,724.0,-0.69,729.0,0.55,2026-10-02T01:03:01
4541.TWO,晟田,60.1,56.3,6.75,65.88,-8.77,59.67,56.69,觀察中,OBS,0.72,52.1,61.7,60.0,1330030,2606424,0.51,75.7,38.33,15.49,4.1B,61.6,3.88,59.3,0.0,59.3,0.0,59.3,-1.33,60.1,-0.99,60.7,-2.1,62.0,7.83,2026-10-02T01:03:01
4931.TWO,新盛力,248.5,225.0,10.44,260.5,-4.61,241.3,229.24,觀察中,OBS,2.98,47.1,252.5,247.0,2828606,4613775,0.61,280.0,117.74,42.19,16.3B,252.0,2.44,246.0,1.86,241.5,1.26,238.5,-0.83,240.5,0.42,239.5,0.84,237.5,1.93,2026-10-02T01:03:01
